{
    "num_corners": [
        7,
        10
    ],
    "camera_number": 1,
    "num_images": 61,
    "image_size": [
        640,
        480
    ],
    "camera_matrix": [
        [
            646.1013910503771,
            0.0,
            322.284865875189
        ],
        [
            0.0,
            646.3309260905287,
            246.71887711745603
        ],
        [
            0.0,
            0.0,
            1.0
        ]
    ],
    "dist_coeff": [
        [
            0.041439218791917816,
            -0.07111690353824152,
            -0.0011756130977893724,
            -0.001803708314162476,
            -0.08923009642383227
        ]
    ],
    "new_camera_matrix": [
        [
            837.8520028482596,
            0.0,
            369.0180045653981
        ],
        [
            0.0,
            839.4715748405577,
            229.14272696332924
        ],
        [
            0.0,
            0.0,
            1.0
        ]
    ],
    "roi": [
        0,
        0,
        479,
        639
    ]
}